,Tarifa,Anio,Verano,Mes,Consumo,Precio,kwh,Minimo
0,Tarifa 1,2022,,ENERO,Consumobasico,0.882,75,25
1,Tarifa 1,2022,,ENERO,Consumointermedio,1.073,65,25
2,Tarifa 1,2022,,ENERO,Consumoexcedente,3.134,,25
3,Tarifa 1,2022,,FEBRERO,Consumobasico,0.887,75,25
4,Tarifa 1,2022,,FEBRERO,Consumointermedio,1.079,65,25
5,Tarifa 1,2022,,FEBRERO,Consumoexcedente,3.153,,25
6,Tarifa 1,2022,,MARZO,Consumobasico,0.892,75,25
7,Tarifa 1,2022,,MARZO,Consumointermedio,1.085,65,25
8,Tarifa 1,2022,,MARZO,Consumoexcedente,3.172,,25
9,Tarifa 1,2022,,ABRIL,Consumobasico,0.897,75,25
10,Tarifa 1,2022,,ABRIL,Consumointermedio,1.091,65,25
11,Tarifa 1,2022,,ABRIL,Consumoexcedente,3.191,,25
12,Tarifa 1,2022,,MAYO,Consumobasico,0.902,75,25
13,Tarifa 1,2022,,MAYO,Consumointermedio,1.097,65,25
14,Tarifa 1,2022,,MAYO,Consumoexcedente,3.21,,25
15,Tarifa 1,2022,,JUNIO,Consumobasico,0.907,75,25
16,Tarifa 1,2022,,JUNIO,Consumointermedio,1.104,65,25
17,Tarifa 1,2022,,JUNIO,Consumoexcedente,3.229,,25
18,Tarifa 1,2022,,JULIO,Consumobasico,0.912,75,25
19,Tarifa 1,2022,,JULIO,Consumointermedio,1.111,65,25
20,Tarifa 1,2022,,JULIO,Consumoexcedente,3.248,,25
21,Tarifa 1,2022,,AGOSTO,Consumobasico,0.917,75,25
22,Tarifa 1,2022,,AGOSTO,Consumointermedio,1.118,65,25
23,Tarifa 1,2022,,AGOSTO,Consumoexcedente,3.267,,25
24,Tarifa 1,2022,,SEPTIEMBRE,Consumobasico,0.922,75,25
25,Tarifa 1,2022,,SEPTIEMBRE,Consumointermedio,1.125,65,25
26,Tarifa 1,2022,,SEPTIEMBRE,Consumoexcedente,3.286,,25
27,Tarifa 1,2022,,OCTUBRE,Consumobasico,0.927,75,25
28,Tarifa 1,2022,,OCTUBRE,Consumointermedio,1.132,65,25
29,Tarifa 1,2022,,OCTUBRE,Consumoexcedente,3.306,,25
30,Tarifa 1,2022,,NOVIEMBRE,Consumobasico,0.933,75,25
31,Tarifa 1,2022,,NOVIEMBRE,Consumointermedio,1.139,65,25
32,Tarifa 1,2022,,NOVIEMBRE,Consumoexcedente,3.326,,25
33,Tarifa 1,2022,,DICIEMBRE,Consumobasico,0.939,75,25
34,Tarifa 1,2022,,DICIEMBRE,Consumointermedio,1.146,65,25
35,Tarifa 1,2022,,DICIEMBRE,Consumoexcedente,3.346,,25
36,Tarifa 1A,2022,FEBRERO,ENERO,Consumobasico,0.882,75,25
37,Tarifa 1A,2022,FEBRERO,ENERO,Consumointermedio,1.073,75,25
38,Tarifa 1A,2022,FEBRERO,ENERO,Consumoexcedente,3.134,,25
39,Tarifa 1A,2022,FEBRERO,FEBRERO,Consumobasico,0.791,100,25
40,Tarifa 1A,2022,FEBRERO,FEBRERO,Consumointermedio,0.916,50,25
41,Tarifa 1A,2022,FEBRERO,FEBRERO,Consumoexcedente,3.153,,25
42,Tarifa 1A,2022,FEBRERO,MARZO,Consumobasico,0.796,100,25
43,Tarifa 1A,2022,FEBRERO,MARZO,Consumointermedio,0.921,50,25
44,Tarifa 1A,2022,FEBRERO,MARZO,Consumoexcedente,3.172,,25
45,Tarifa 1A,2022,FEBRERO,ABRIL,Consumobasico,0.801,100,25
46,Tarifa 1A,2022,FEBRERO,ABRIL,Consumointermedio,0.926,50,25
47,Tarifa 1A,2022,FEBRERO,ABRIL,Consumoexcedente,3.191,,25
48,Tarifa 1A,2022,FEBRERO,MAYO,Consumobasico,0.806,100,25
49,Tarifa 1A,2022,FEBRERO,MAYO,Consumointermedio,0.932,50,25
50,Tarifa 1A,2022,FEBRERO,MAYO,Consumoexcedente,3.21,,25
51,Tarifa 1A,2022,FEBRERO,JUNIO,Consumobasico,0.811,100,25
52,Tarifa 1A,2022,FEBRERO,JUNIO,Consumointermedio,0.938,50,25
53,Tarifa 1A,2022,FEBRERO,JUNIO,Consumoexcedente,3.229,,25
54,Tarifa 1A,2022,FEBRERO,JULIO,Consumobasico,0.816,100,25
55,Tarifa 1A,2022,FEBRERO,JULIO,Consumointermedio,0.944,50,25
56,Tarifa 1A,2022,FEBRERO,JULIO,Consumoexcedente,3.248,,25
57,Tarifa 1A,2022,FEBRERO,AGOSTO,Consumobasico,0.917,75,25
58,Tarifa 1A,2022,FEBRERO,AGOSTO,Consumointermedio,1.118,75,25
59,Tarifa 1A,2022,FEBRERO,AGOSTO,Consumoexcedente,3.267,,25
60,Tarifa 1A,2022,FEBRERO,SEPTIEMBRE,Consumobasico,0.922,75,25
61,Tarifa 1A,2022,FEBRERO,SEPTIEMBRE,Consumointermedio,1.125,75,25
62,Tarifa 1A,2022,FEBRERO,SEPTIEMBRE,Consumoexcedente,3.286,,25
63,Tarifa 1A,2022,FEBRERO,OCTUBRE,Consumobasico,0.927,75,25
64,Tarifa 1A,2022,FEBRERO,OCTUBRE,Consumointermedio,1.132,75,25
65,Tarifa 1A,2022,FEBRERO,OCTUBRE,Consumoexcedente,3.306,,25
66,Tarifa 1A,2022,FEBRERO,NOVIEMBRE,Consumobasico,0.933,75,25
67,Tarifa 1A,2022,FEBRERO,NOVIEMBRE,Consumointermedio,1.139,75,25
68,Tarifa 1A,2022,FEBRERO,NOVIEMBRE,Consumoexcedente,3.326,,25
69,Tarifa 1A,2022,FEBRERO,DICIEMBRE,Consumobasico,0.939,75,25
70,Tarifa 1A,2022,FEBRERO,DICIEMBRE,Consumointermedio,1.146,75,25
71,Tarifa 1A,2022,FEBRERO,DICIEMBRE,Consumoexcedente,3.346,,25
72,Tarifa 1A,2022,MARZO,ENERO,Consumobasico,0.882,75,25
73,Tarifa 1A,2022,MARZO,ENERO,Consumointermedio,1.073,75,25
74,Tarifa 1A,2022,MARZO,ENERO,Consumoexcedente,3.134,,25
75,Tarifa 1A,2022,MARZO,FEBRERO,Consumobasico,0.887,75,25
76,Tarifa 1A,2022,MARZO,FEBRERO,Consumointermedio,1.079,75,25
77,Tarifa 1A,2022,MARZO,FEBRERO,Consumoexcedente,3.153,,25
78,Tarifa 1A,2022,MARZO,MARZO,Consumobasico,0.796,100,25
79,Tarifa 1A,2022,MARZO,MARZO,Consumointermedio,0.921,50,25
80,Tarifa 1A,2022,MARZO,MARZO,Consumoexcedente,3.172,,25
81,Tarifa 1A,2022,MARZO,ABRIL,Consumobasico,0.801,100,25
82,Tarifa 1A,2022,MARZO,ABRIL,Consumointermedio,0.926,50,25
83,Tarifa 1A,2022,MARZO,ABRIL,Consumoexcedente,3.191,,25
84,Tarifa 1A,2022,MARZO,MAYO,Consumobasico,0.806,100,25
85,Tarifa 1A,2022,MARZO,MAYO,Consumointermedio,0.932,50,25
86,Tarifa 1A,2022,MARZO,MAYO,Consumoexcedente,3.21,,25
87,Tarifa 1A,2022,MARZO,JUNIO,Consumobasico,0.811,100,25
88,Tarifa 1A,2022,MARZO,JUNIO,Consumointermedio,0.938,50,25
89,Tarifa 1A,2022,MARZO,JUNIO,Consumoexcedente,3.229,,25
90,Tarifa 1A,2022,MARZO,JULIO,Consumobasico,0.816,100,25
91,Tarifa 1A,2022,MARZO,JULIO,Consumointermedio,0.944,50,25
92,Tarifa 1A,2022,MARZO,JULIO,Consumoexcedente,3.248,,25
93,Tarifa 1A,2022,MARZO,AGOSTO,Consumobasico,0.821,100,25
94,Tarifa 1A,2022,MARZO,AGOSTO,Consumointermedio,0.950,50,25
95,Tarifa 1A,2022,MARZO,AGOSTO,Consumoexcedente,3.267,,25
96,Tarifa 1A,2022,MARZO,SEPTIEMBRE,Consumobasico,0.922,75,25
97,Tarifa 1A,2022,MARZO,SEPTIEMBRE,Consumointermedio,1.125,75,25
98,Tarifa 1A,2022,MARZO,SEPTIEMBRE,Consumoexcedente,3.286,,25
99,Tarifa 1A,2022,MARZO,OCTUBRE,Consumobasico,0.927,75,25
100,Tarifa 1A,2022,MARZO,OCTUBRE,Consumointermedio,1.132,75,25
101,Tarifa 1A,2022,MARZO,OCTUBRE,Consumoexcedente,3.306,,25
102,Tarifa 1A,2022,MARZO,NOVIEMBRE,Consumobasico,0.933,75,25
103,Tarifa 1A,2022,MARZO,NOVIEMBRE,Consumointermedio,1.139,75,25
104,Tarifa 1A,2022,MARZO,NOVIEMBRE,Consumoexcedente,3.326,,25
105,Tarifa 1A,2022,MARZO,DICIEMBRE,Consumobasico,0.939,75,25
106,Tarifa 1A,2022,MARZO,DICIEMBRE,Consumointermedio,1.146,75,25
107,Tarifa 1A,2022,MARZO,DICIEMBRE,Consumoexcedente,3.346,,25
108,Tarifa 1A,2022,ABRIL,ENERO,Consumobasico,0.882,75,25
109,Tarifa 1A,2022,ABRIL,ENERO,Consumointermedio,1.073,75,25
110,Tarifa 1A,2022,ABRIL,ENERO,Consumoexcedente,3.134,,25
111,Tarifa 1A,2022,ABRIL,FEBRERO,Consumobasico,0.887,75,25
112,Tarifa 1A,2022,ABRIL,FEBRERO,Consumointermedio,1.079,75,25
113,Tarifa 1A,2022,ABRIL,FEBRERO,Consumoexcedente,3.153,,25
114,Tarifa 1A,2022,ABRIL,MARZO,Consumobasico,0.892,75,25
115,Tarifa 1A,2022,ABRIL,MARZO,Consumointermedio,1.085,75,25
116,Tarifa 1A,2022,ABRIL,MARZO,Consumoexcedente,3.172,,25
117,Tarifa 1A,2022,ABRIL,ABRIL,Consumobasico,0.801,100,25
118,Tarifa 1A,2022,ABRIL,ABRIL,Consumointermedio,0.926,50,25
119,Tarifa 1A,2022,ABRIL,ABRIL,Consumoexcedente,3.191,,25
120,Tarifa 1A,2022,ABRIL,MAYO,Consumobasico,0.806,100,25
121,Tarifa 1A,2022,ABRIL,MAYO,Consumointermedio,0.932,50,25
122,Tarifa 1A,2022,ABRIL,MAYO,Consumoexcedente,3.21,,25
123,Tarifa 1A,2022,ABRIL,JUNIO,Consumobasico,0.811,100,25
124,Tarifa 1A,2022,ABRIL,JUNIO,Consumointermedio,0.938,50,25
125,Tarifa 1A,2022,ABRIL,JUNIO,Consumoexcedente,3.229,,25
126,Tarifa 1A,2022,ABRIL,JULIO,Consumobasico,0.816,100,25
127,Tarifa 1A,2022,ABRIL,JULIO,Consumointermedio,0.944,50,25
128,Tarifa 1A,2022,ABRIL,JULIO,Consumoexcedente,3.248,,25
129,Tarifa 1A,2022,ABRIL,AGOSTO,Consumobasico,0.821,100,25
130,Tarifa 1A,2022,ABRIL,AGOSTO,Consumointermedio,0.950,50,25
131,Tarifa 1A,2022,ABRIL,AGOSTO,Consumoexcedente,3.267,,25
132,Tarifa 1A,2022,ABRIL,SEPTIEMBRE,Consumobasico,0.826,100,25
133,Tarifa 1A,2022,ABRIL,SEPTIEMBRE,Consumointermedio,0.956,50,25
134,Tarifa 1A,2022,ABRIL,SEPTIEMBRE,Consumoexcedente,3.286,,25
135,Tarifa 1A,2022,ABRIL,OCTUBRE,Consumobasico,0.927,75,25
136,Tarifa 1A,2022,ABRIL,OCTUBRE,Consumointermedio,1.132,75,25
137,Tarifa 1A,2022,ABRIL,OCTUBRE,Consumoexcedente,3.306,,25
138,Tarifa 1A,2022,ABRIL,NOVIEMBRE,Consumobasico,0.933,75,25
139,Tarifa 1A,2022,ABRIL,NOVIEMBRE,Consumointermedio,1.139,75,25
140,Tarifa 1A,2022,ABRIL,NOVIEMBRE,Consumoexcedente,3.326,,25
141,Tarifa 1A,2022,ABRIL,DICIEMBRE,Consumobasico,0.939,75,25
142,Tarifa 1A,2022,ABRIL,DICIEMBRE,Consumointermedio,1.146,75,25
143,Tarifa 1A,2022,ABRIL,DICIEMBRE,Consumoexcedente,3.346,,25
144,Tarifa 1A,2022,MAYO,ENERO,Consumobasico,0.882,75,25
145,Tarifa 1A,2022,MAYO,ENERO,Consumointermedio,1.073,75,25
146,Tarifa 1A,2022,MAYO,ENERO,Consumoexcedente,3.134,,25
147,Tarifa 1A,2022,MAYO,FEBRERO,Consumobasico,0.887,75,25
148,Tarifa 1A,2022,MAYO,FEBRERO,Consumointermedio,1.079,75,25
149,Tarifa 1A,2022,MAYO,FEBRERO,Consumoexcedente,3.153,,25
150,Tarifa 1A,2022,MAYO,MARZO,Consumobasico,0.892,75,25
151,Tarifa 1A,2022,MAYO,MARZO,Consumointermedio,1.085,75,25
152,Tarifa 1A,2022,MAYO,MARZO,Consumoexcedente,3.172,,25
153,Tarifa 1A,2022,MAYO,ABRIL,Consumobasico,0.897,75,25
154,Tarifa 1A,2022,MAYO,ABRIL,Consumointermedio,1.091,75,25
155,Tarifa 1A,2022,MAYO,ABRIL,Consumoexcedente,3.191,,25
156,Tarifa 1A,2022,MAYO,MAYO,Consumobasico,0.806,100,25
157,Tarifa 1A,2022,MAYO,MAYO,Consumointermedio,0.932,50,25
158,Tarifa 1A,2022,MAYO,MAYO,Consumoexcedente,3.21,,25
159,Tarifa 1A,2022,MAYO,JUNIO,Consumobasico,0.811,100,25
160,Tarifa 1A,2022,MAYO,JUNIO,Consumointermedio,0.938,50,25
161,Tarifa 1A,2022,MAYO,JUNIO,Consumoexcedente,3.229,,25
162,Tarifa 1A,2022,MAYO,JULIO,Consumobasico,0.816,100,25
163,Tarifa 1A,2022,MAYO,JULIO,Consumointermedio,0.944,50,25
164,Tarifa 1A,2022,MAYO,JULIO,Consumoexcedente,3.248,,25
165,Tarifa 1A,2022,MAYO,AGOSTO,Consumobasico,0.821,100,25
166,Tarifa 1A,2022,MAYO,AGOSTO,Consumointermedio,0.950,50,25
167,Tarifa 1A,2022,MAYO,AGOSTO,Consumoexcedente,3.267,,25
168,Tarifa 1A,2022,MAYO,SEPTIEMBRE,Consumobasico,0.826,100,25
169,Tarifa 1A,2022,MAYO,SEPTIEMBRE,Consumointermedio,0.956,50,25
170,Tarifa 1A,2022,MAYO,SEPTIEMBRE,Consumoexcedente,3.286,,25
171,Tarifa 1A,2022,MAYO,OCTUBRE,Consumobasico,0.831,100,25
172,Tarifa 1A,2022,MAYO,OCTUBRE,Consumointermedio,0.962,50,25
173,Tarifa 1A,2022,MAYO,OCTUBRE,Consumoexcedente,3.306,,25
174,Tarifa 1A,2022,MAYO,NOVIEMBRE,Consumobasico,0.933,75,25
175,Tarifa 1A,2022,MAYO,NOVIEMBRE,Consumointermedio,1.139,75,25
176,Tarifa 1A,2022,MAYO,NOVIEMBRE,Consumoexcedente,3.326,,25
177,Tarifa 1A,2022,MAYO,DICIEMBRE,Consumobasico,0.939,75,25
178,Tarifa 1A,2022,MAYO,DICIEMBRE,Consumointermedio,1.146,75,25
179,Tarifa 1A,2022,MAYO,DICIEMBRE,Consumoexcedente,3.346,,25
180,Tarifa 1B,2022,FEBRERO,ENERO,Consumobasico,0.882,75,25
181,Tarifa 1B,2022,FEBRERO,ENERO,Consumointermedio,1.073,100,25
182,Tarifa 1B,2022,FEBRERO,ENERO,Consumoexcedente,3.134,,25
183,Tarifa 1B,2022,FEBRERO,FEBRERO,Consumobasico,0.791,125,25
184,Tarifa 1B,2022,FEBRERO,FEBRERO,Consumointermedio,0.916,100,25
185,Tarifa 1B,2022,FEBRERO,FEBRERO,Consumoexcedente,3.153,,25
186,Tarifa 1B,2022,FEBRERO,MARZO,Consumobasico,0.796,125,25
187,Tarifa 1B,2022,FEBRERO,MARZO,Consumointermedio,0.921,100,25
188,Tarifa 1B,2022,FEBRERO,MARZO,Consumoexcedente,3.172,,25
189,Tarifa 1B,2022,FEBRERO,ABRIL,Consumobasico,0.801,125,25
190,Tarifa 1B,2022,FEBRERO,ABRIL,Consumointermedio,0.926,100,25
191,Tarifa 1B,2022,FEBRERO,ABRIL,Consumoexcedente,3.191,,25
192,Tarifa 1B,2022,FEBRERO,MAYO,Consumobasico,0.806,125,25
193,Tarifa 1B,2022,FEBRERO,MAYO,Consumointermedio,0.932,100,25
194,Tarifa 1B,2022,FEBRERO,MAYO,Consumoexcedente,3.21,,25
195,Tarifa 1B,2022,FEBRERO,JUNIO,Consumobasico,0.811,125,25
196,Tarifa 1B,2022,FEBRERO,JUNIO,Consumointermedio,0.938,100,25
197,Tarifa 1B,2022,FEBRERO,JUNIO,Consumoexcedente,3.229,,25
198,Tarifa 1B,2022,FEBRERO,JULIO,Consumobasico,0.816,125,25
199,Tarifa 1B,2022,FEBRERO,JULIO,Consumointermedio,0.944,100,25
200,Tarifa 1B,2022,FEBRERO,JULIO,Consumoexcedente,3.248,,25
201,Tarifa 1B,2022,FEBRERO,AGOSTO,Consumobasico,0.917,75,25
202,Tarifa 1B,2022,FEBRERO,AGOSTO,Consumointermedio,1.118,100,25
203,Tarifa 1B,2022,FEBRERO,AGOSTO,Consumoexcedente,3.267,,25
204,Tarifa 1B,2022,FEBRERO,SEPTIEMBRE,Consumobasico,0.922,75,25
205,Tarifa 1B,2022,FEBRERO,SEPTIEMBRE,Consumointermedio,1.125,100,25
206,Tarifa 1B,2022,FEBRERO,SEPTIEMBRE,Consumoexcedente,3.286,,25
207,Tarifa 1B,2022,FEBRERO,OCTUBRE,Consumobasico,0.927,75,25
208,Tarifa 1B,2022,FEBRERO,OCTUBRE,Consumointermedio,1.132,100,25
209,Tarifa 1B,2022,FEBRERO,OCTUBRE,Consumoexcedente,3.306,,25
210,Tarifa 1B,2022,FEBRERO,NOVIEMBRE,Consumobasico,0.933,75,25
211,Tarifa 1B,2022,FEBRERO,NOVIEMBRE,Consumointermedio,1.139,100,25
212,Tarifa 1B,2022,FEBRERO,NOVIEMBRE,Consumoexcedente,3.326,,25
213,Tarifa 1B,2022,FEBRERO,DICIEMBRE,Consumobasico,0.939,75,25
214,Tarifa 1B,2022,FEBRERO,DICIEMBRE,Consumointermedio,1.146,100,25
215,Tarifa 1B,2022,FEBRERO,DICIEMBRE,Consumoexcedente,3.346,,25
216,Tarifa 1B,2022,MARZO,ENERO,Consumobasico,0.882,75,25
217,Tarifa 1B,2022,MARZO,ENERO,Consumointermedio,1.073,100,25
218,Tarifa 1B,2022,MARZO,ENERO,Consumoexcedente,3.134,,25
219,Tarifa 1B,2022,MARZO,FEBRERO,Consumobasico,0.887,75,25
220,Tarifa 1B,2022,MARZO,FEBRERO,Consumointermedio,1.079,100,25
221,Tarifa 1B,2022,MARZO,FEBRERO,Consumoexcedente,3.153,,25
222,Tarifa 1B,2022,MARZO,MARZO,Consumobasico,0.796,125,25
223,Tarifa 1B,2022,MARZO,MARZO,Consumointermedio,0.921,100,25
224,Tarifa 1B,2022,MARZO,MARZO,Consumoexcedente,3.172,,25
225,Tarifa 1B,2022,MARZO,ABRIL,Consumobasico,0.801,125,25
226,Tarifa 1B,2022,MARZO,ABRIL,Consumointermedio,0.926,100,25
227,Tarifa 1B,2022,MARZO,ABRIL,Consumoexcedente,3.191,,25
228,Tarifa 1B,2022,MARZO,MAYO,Consumobasico,0.806,125,25
229,Tarifa 1B,2022,MARZO,MAYO,Consumointermedio,0.932,100,25
230,Tarifa 1B,2022,MARZO,MAYO,Consumoexcedente,3.21,,25
231,Tarifa 1B,2022,MARZO,JUNIO,Consumobasico,0.811,125,25
232,Tarifa 1B,2022,MARZO,JUNIO,Consumointermedio,0.938,100,25
233,Tarifa 1B,2022,MARZO,JUNIO,Consumoexcedente,3.229,,25
234,Tarifa 1B,2022,MARZO,JULIO,Consumobasico,0.816,125,25
235,Tarifa 1B,2022,MARZO,JULIO,Consumointermedio,0.944,100,25
236,Tarifa 1B,2022,MARZO,JULIO,Consumoexcedente,3.248,,25
237,Tarifa 1B,2022,MARZO,AGOSTO,Consumobasico,0.821,125,25
238,Tarifa 1B,2022,MARZO,AGOSTO,Consumointermedio,0.950,100,25
239,Tarifa 1B,2022,MARZO,AGOSTO,Consumoexcedente,3.267,,25
240,Tarifa 1B,2022,MARZO,SEPTIEMBRE,Consumobasico,0.922,75,25
241,Tarifa 1B,2022,MARZO,SEPTIEMBRE,Consumointermedio,1.125,100,25
242,Tarifa 1B,2022,MARZO,SEPTIEMBRE,Consumoexcedente,3.286,,25
243,Tarifa 1B,2022,MARZO,OCTUBRE,Consumobasico,0.927,75,25
244,Tarifa 1B,2022,MARZO,OCTUBRE,Consumointermedio,1.132,100,25
245,Tarifa 1B,2022,MARZO,OCTUBRE,Consumoexcedente,3.306,,25
246,Tarifa 1B,2022,MARZO,NOVIEMBRE,Consumobasico,0.933,75,25
247,Tarifa 1B,2022,MARZO,NOVIEMBRE,Consumointermedio,1.139,100,25
248,Tarifa 1B,2022,MARZO,NOVIEMBRE,Consumoexcedente,3.326,,25
249,Tarifa 1B,2022,MARZO,DICIEMBRE,Consumobasico,0.939,75,25
250,Tarifa 1B,2022,MARZO,DICIEMBRE,Consumointermedio,1.146,100,25
251,Tarifa 1B,2022,MARZO,DICIEMBRE,Consumoexcedente,3.346,,25
252,Tarifa 1B,2022,ABRIL,ENERO,Consumobasico,0.882,75,25
253,Tarifa 1B,2022,ABRIL,ENERO,Consumointermedio,1.073,100,25
254,Tarifa 1B,2022,ABRIL,ENERO,Consumoexcedente,3.134,,25
255,Tarifa 1B,2022,ABRIL,FEBRERO,Consumobasico,0.887,75,25
256,Tarifa 1B,2022,ABRIL,FEBRERO,Consumointermedio,1.079,100,25
257,Tarifa 1B,2022,ABRIL,FEBRERO,Consumoexcedente,3.153,,25
258,Tarifa 1B,2022,ABRIL,MARZO,Consumobasico,0.892,75,25
259,Tarifa 1B,2022,ABRIL,MARZO,Consumointermedio,1.085,100,25
260,Tarifa 1B,2022,ABRIL,MARZO,Consumoexcedente,3.172,,25
261,Tarifa 1B,2022,ABRIL,ABRIL,Consumobasico,0.801,125,25
262,Tarifa 1B,2022,ABRIL,ABRIL,Consumointermedio,0.926,100,25
263,Tarifa 1B,2022,ABRIL,ABRIL,Consumoexcedente,3.191,,25
264,Tarifa 1B,2022,ABRIL,MAYO,Consumobasico,0.806,125,25
265,Tarifa 1B,2022,ABRIL,MAYO,Consumointermedio,0.932,100,25
266,Tarifa 1B,2022,ABRIL,MAYO,Consumoexcedente,3.21,,25
267,Tarifa 1B,2022,ABRIL,JUNIO,Consumobasico,0.811,125,25
268,Tarifa 1B,2022,ABRIL,JUNIO,Consumointermedio,0.938,100,25
269,Tarifa 1B,2022,ABRIL,JUNIO,Consumoexcedente,3.229,,25
270,Tarifa 1B,2022,ABRIL,JULIO,Consumobasico,0.816,125,25
271,Tarifa 1B,2022,ABRIL,JULIO,Consumointermedio,0.944,100,25
272,Tarifa 1B,2022,ABRIL,JULIO,Consumoexcedente,3.248,,25
273,Tarifa 1B,2022,ABRIL,AGOSTO,Consumobasico,0.821,125,25
274,Tarifa 1B,2022,ABRIL,AGOSTO,Consumointermedio,0.950,100,25
275,Tarifa 1B,2022,ABRIL,AGOSTO,Consumoexcedente,3.267,,25
276,Tarifa 1B,2022,ABRIL,SEPTIEMBRE,Consumobasico,0.826,125,25
277,Tarifa 1B,2022,ABRIL,SEPTIEMBRE,Consumointermedio,0.956,100,25
278,Tarifa 1B,2022,ABRIL,SEPTIEMBRE,Consumoexcedente,3.286,,25
279,Tarifa 1B,2022,ABRIL,OCTUBRE,Consumobasico,0.927,75,25
280,Tarifa 1B,2022,ABRIL,OCTUBRE,Consumointermedio,1.132,100,25
281,Tarifa 1B,2022,ABRIL,OCTUBRE,Consumoexcedente,3.306,,25
282,Tarifa 1B,2022,ABRIL,NOVIEMBRE,Consumobasico,0.933,75,25
283,Tarifa 1B,2022,ABRIL,NOVIEMBRE,Consumointermedio,1.139,100,25
284,Tarifa 1B,2022,ABRIL,NOVIEMBRE,Consumoexcedente,3.326,,25
285,Tarifa 1B,2022,ABRIL,DICIEMBRE,Consumobasico,0.939,75,25
286,Tarifa 1B,2022,ABRIL,DICIEMBRE,Consumointermedio,1.146,100,25
287,Tarifa 1B,2022,ABRIL,DICIEMBRE,Consumoexcedente,3.346,,25
288,Tarifa 1B,2022,MAYO,ENERO,Consumobasico,0.882,75,25
289,Tarifa 1B,2022,MAYO,ENERO,Consumointermedio,1.073,100,25
290,Tarifa 1B,2022,MAYO,ENERO,Consumoexcedente,3.134,,25
291,Tarifa 1B,2022,MAYO,FEBRERO,Consumobasico,0.887,75,25
292,Tarifa 1B,2022,MAYO,FEBRERO,Consumointermedio,1.079,100,25
293,Tarifa 1B,2022,MAYO,FEBRERO,Consumoexcedente,3.153,,25
294,Tarifa 1B,2022,MAYO,MARZO,Consumobasico,0.892,75,25
295,Tarifa 1B,2022,MAYO,MARZO,Consumointermedio,1.085,100,25
296,Tarifa 1B,2022,MAYO,MARZO,Consumoexcedente,3.172,,25
297,Tarifa 1B,2022,MAYO,ABRIL,Consumobasico,0.897,75,25
298,Tarifa 1B,2022,MAYO,ABRIL,Consumointermedio,1.091,100,25
299,Tarifa 1B,2022,MAYO,ABRIL,Consumoexcedente,3.191,,25
300,Tarifa 1B,2022,MAYO,MAYO,Consumobasico,0.806,125,25
301,Tarifa 1B,2022,MAYO,MAYO,Consumointermedio,0.932,100,25
302,Tarifa 1B,2022,MAYO,MAYO,Consumoexcedente,3.21,,25
303,Tarifa 1B,2022,MAYO,JUNIO,Consumobasico,0.811,125,25
304,Tarifa 1B,2022,MAYO,JUNIO,Consumointermedio,0.938,100,25
305,Tarifa 1B,2022,MAYO,JUNIO,Consumoexcedente,3.229,,25
306,Tarifa 1B,2022,MAYO,JULIO,Consumobasico,0.816,125,25
307,Tarifa 1B,2022,MAYO,JULIO,Consumointermedio,0.944,100,25
308,Tarifa 1B,2022,MAYO,JULIO,Consumoexcedente,3.248,,25
309,Tarifa 1B,2022,MAYO,AGOSTO,Consumobasico,0.821,125,25
310,Tarifa 1B,2022,MAYO,AGOSTO,Consumointermedio,0.950,100,25
311,Tarifa 1B,2022,MAYO,AGOSTO,Consumoexcedente,3.267,,25
312,Tarifa 1B,2022,MAYO,SEPTIEMBRE,Consumobasico,0.826,125,25
313,Tarifa 1B,2022,MAYO,SEPTIEMBRE,Consumointermedio,0.956,100,25
314,Tarifa 1B,2022,MAYO,SEPTIEMBRE,Consumoexcedente,3.286,,25
315,Tarifa 1B,2022,MAYO,OCTUBRE,Consumobasico,0.831,125,25
316,Tarifa 1B,2022,MAYO,OCTUBRE,Consumointermedio,0.962,100,25
317,Tarifa 1B,2022,MAYO,OCTUBRE,Consumoexcedente,3.306,,25
318,Tarifa 1B,2022,MAYO,NOVIEMBRE,Consumobasico,0.933,75,25
319,Tarifa 1B,2022,MAYO,NOVIEMBRE,Consumointermedio,1.139,100,25
320,Tarifa 1B,2022,MAYO,NOVIEMBRE,Consumoexcedente,3.326,,25
321,Tarifa 1B,2022,MAYO,DICIEMBRE,Consumobasico,0.939,75,25
322,Tarifa 1B,2022,MAYO,DICIEMBRE,Consumointermedio,1.146,100,25
323,Tarifa 1B,2022,MAYO,DICIEMBRE,Consumoexcedente,3.346,,25
324,Tarifa 1C,2022,FEBRERO,ENERO,Consumobasico,0.882,75,25
325,Tarifa 1C,2022,FEBRERO,ENERO,Consumointermedio,1.073,100,25
326,Tarifa 1C,2022,FEBRERO,ENERO,Consumoexcedente,3.134,,25
327,Tarifa 1C,2022,FEBRERO,FEBRERO,Consumobasico,0.791,150,25
328,Tarifa 1C,2022,FEBRERO,FEBRERO,Consumointermediobajo,0.916,150,25
329,Tarifa 1C,2022,FEBRERO,FEBRERO,Consumointermedioalto,1.184,150,25
330,Tarifa 1C,2022,FEBRERO,FEBRERO,Consumoexcedente,3.153,,25
331,Tarifa 1C,2022,FEBRERO,MARZO,Consumobasico,0.796,150,25
332,Tarifa 1C,2022,FEBRERO,MARZO,Consumointermediobajo,0.921,150,25
333,Tarifa 1C,2022,FEBRERO,MARZO,Consumointermedioalto,1.191,150,25
334,Tarifa 1C,2022,FEBRERO,MARZO,Consumoexcedente,3.172,,25
335,Tarifa 1C,2022,FEBRERO,ABRIL,Consumobasico,0.801,150,25
336,Tarifa 1C,2022,FEBRERO,ABRIL,Consumointermediobajo,0.926,150,25
337,Tarifa 1C,2022,FEBRERO,ABRIL,Consumointermedioalto,1.198,150,25
338,Tarifa 1C,2022,FEBRERO,ABRIL,Consumoexcedente,3.191,,25
339,Tarifa 1C,2022,FEBRERO,MAYO,Consumobasico,0.806,150,25
340,Tarifa 1C,2022,FEBRERO,MAYO,Consumointermediobajo,0.932,150,25
341,Tarifa 1C,2022,FEBRERO,MAYO,Consumointermedioalto,1.205,150,25
342,Tarifa 1C,2022,FEBRERO,MAYO,Consumoexcedente,3.21,,25
343,Tarifa 1C,2022,FEBRERO,JUNIO,Consumobasico,0.811,150,25
344,Tarifa 1C,2022,FEBRERO,JUNIO,Consumointermediobajo,0.938,150,25
345,Tarifa 1C,2022,FEBRERO,JUNIO,Consumointermedioalto,1.212,150,25
346,Tarifa 1C,2022,FEBRERO,JUNIO,Consumoexcedente,3.229,,25
347,Tarifa 1C,2022,FEBRERO,JULIO,Consumobasico,0.816,150,25
348,Tarifa 1C,2022,FEBRERO,JULIO,Consumointermediobajo,0.944,150,25
349,Tarifa 1C,2022,FEBRERO,JULIO,Consumointermedioalto,1.219,150,25
350,Tarifa 1C,2022,FEBRERO,JULIO,Consumoexcedente,3.248,,25
351,Tarifa 1C,2022,FEBRERO,AGOSTO,Consumobasico,0.917,75,25
352,Tarifa 1C,2022,FEBRERO,AGOSTO,Consumointermedio,1.118,100,25
353,Tarifa 1C,2022,FEBRERO,AGOSTO,Consumoexcedente,3.267,,25
354,Tarifa 1C,2022,FEBRERO,SEPTIEMBRE,Consumobasico,0.922,75,25
355,Tarifa 1C,2022,FEBRERO,SEPTIEMBRE,Consumointermedio,1.125,100,25
356,Tarifa 1C,2022,FEBRERO,SEPTIEMBRE,Consumoexcedente,3.286,,25
357,Tarifa 1C,2022,FEBRERO,OCTUBRE,Consumobasico,0.927,75,25
358,Tarifa 1C,2022,FEBRERO,OCTUBRE,Consumointermedio,1.132,100,25
359,Tarifa 1C,2022,FEBRERO,OCTUBRE,Consumoexcedente,3.306,,25
360,Tarifa 1C,2022,FEBRERO,NOVIEMBRE,Consumobasico,0.933,75,25
361,Tarifa 1C,2022,FEBRERO,NOVIEMBRE,Consumointermedio,1.139,100,25
362,Tarifa 1C,2022,FEBRERO,NOVIEMBRE,Consumoexcedente,3.326,,25
363,Tarifa 1C,2022,FEBRERO,DICIEMBRE,Consumobasico,0.939,75,25
364,Tarifa 1C,2022,FEBRERO,DICIEMBRE,Consumointermedio,1.146,100,25
365,Tarifa 1C,2022,FEBRERO,DICIEMBRE,Consumoexcedente,3.346,,25
366,Tarifa 1C,2022,MARZO,ENERO,Consumobasico,0.882,75,25
367,Tarifa 1C,2022,MARZO,ENERO,Consumointermedio,1.073,100,25
368,Tarifa 1C,2022,MARZO,ENERO,Consumoexcedente,3.134,,25
369,Tarifa 1C,2022,MARZO,FEBRERO,Consumobasico,0.887,75,25
370,Tarifa 1C,2022,MARZO,FEBRERO,Consumointermedio,1.079,100,25
371,Tarifa 1C,2022,MARZO,FEBRERO,Consumoexcedente,3.153,,25
372,Tarifa 1C,2022,MARZO,MARZO,Consumobasico,0.796,150,25
373,Tarifa 1C,2022,MARZO,MARZO,Consumointermediobajo,0.921,150,25
374,Tarifa 1C,2022,MARZO,MARZO,Consumointermedioalto,1.191,150,25
375,Tarifa 1C,2022,MARZO,MARZO,Consumoexcedente,3.172,,25
376,Tarifa 1C,2022,MARZO,ABRIL,Consumobasico,0.801,150,25
377,Tarifa 1C,2022,MARZO,ABRIL,Consumointermediobajo,0.926,150,25
378,Tarifa 1C,2022,MARZO,ABRIL,Consumointermedioalto,1.198,150,25
379,Tarifa 1C,2022,MARZO,ABRIL,Consumoexcedente,3.191,,25
380,Tarifa 1C,2022,MARZO,MAYO,Consumobasico,0.806,150,25
381,Tarifa 1C,2022,MARZO,MAYO,Consumointermediobajo,0.932,150,25
382,Tarifa 1C,2022,MARZO,MAYO,Consumointermedioalto,1.205,150,25
383,Tarifa 1C,2022,MARZO,MAYO,Consumoexcedente,3.21,,25
384,Tarifa 1C,2022,MARZO,JUNIO,Consumobasico,0.811,150,25
385,Tarifa 1C,2022,MARZO,JUNIO,Consumointermediobajo,0.938,150,25
386,Tarifa 1C,2022,MARZO,JUNIO,Consumointermedioalto,1.212,150,25
387,Tarifa 1C,2022,MARZO,JUNIO,Consumoexcedente,3.229,,25
388,Tarifa 1C,2022,MARZO,JULIO,Consumobasico,0.816,150,25
389,Tarifa 1C,2022,MARZO,JULIO,Consumointermediobajo,0.944,150,25
390,Tarifa 1C,2022,MARZO,JULIO,Consumointermedioalto,1.219,150,25
391,Tarifa 1C,2022,MARZO,JULIO,Consumoexcedente,3.248,,25
392,Tarifa 1C,2022,MARZO,AGOSTO,Consumobasico,0.821,150,25
393,Tarifa 1C,2022,MARZO,AGOSTO,Consumointermediobajo,0.950,150,25
394,Tarifa 1C,2022,MARZO,AGOSTO,Consumointermedioalto,1.226,150,25
395,Tarifa 1C,2022,MARZO,AGOSTO,Consumoexcedente,3.267,,25
396,Tarifa 1C,2022,MARZO,SEPTIEMBRE,Consumobasico,0.922,75,25
397,Tarifa 1C,2022,MARZO,SEPTIEMBRE,Consumointermedio,1.125,100,25
398,Tarifa 1C,2022,MARZO,SEPTIEMBRE,Consumoexcedente,3.286,,25
399,Tarifa 1C,2022,MARZO,OCTUBRE,Consumobasico,0.927,75,25
400,Tarifa 1C,2022,MARZO,OCTUBRE,Consumointermedio,1.132,100,25
401,Tarifa 1C,2022,MARZO,OCTUBRE,Consumoexcedente,3.306,,25
402,Tarifa 1C,2022,MARZO,NOVIEMBRE,Consumobasico,0.933,75,25
403,Tarifa 1C,2022,MARZO,NOVIEMBRE,Consumointermedio,1.139,100,25
404,Tarifa 1C,2022,MARZO,NOVIEMBRE,Consumoexcedente,3.326,,25
405,Tarifa 1C,2022,MARZO,DICIEMBRE,Consumobasico,0.939,75,25
406,Tarifa 1C,2022,MARZO,DICIEMBRE,Consumointermedio,1.146,100,25
407,Tarifa 1C,2022,MARZO,DICIEMBRE,Consumoexcedente,3.346,,25
408,Tarifa 1C,2022,ABRIL,ENERO,Consumobasico,0.882,75,25
409,Tarifa 1C,2022,ABRIL,ENERO,Consumointermedio,1.073,100,25
410,Tarifa 1C,2022,ABRIL,ENERO,Consumoexcedente,3.134,,25
411,Tarifa 1C,2022,ABRIL,FEBRERO,Consumobasico,0.887,75,25
412,Tarifa 1C,2022,ABRIL,FEBRERO,Consumointermedio,1.079,100,25
413,Tarifa 1C,2022,ABRIL,FEBRERO,Consumoexcedente,3.153,,25
414,Tarifa 1C,2022,ABRIL,MARZO,Consumobasico,0.892,75,25
415,Tarifa 1C,2022,ABRIL,MARZO,Consumointermedio,1.085,100,25
416,Tarifa 1C,2022,ABRIL,MARZO,Consumoexcedente,3.172,,25
417,Tarifa 1C,2022,ABRIL,ABRIL,Consumobasico,0.801,150,25
418,Tarifa 1C,2022,ABRIL,ABRIL,Consumointermediobajo,0.926,150,25
419,Tarifa 1C,2022,ABRIL,ABRIL,Consumointermedioalto,1.198,150,25
420,Tarifa 1C,2022,ABRIL,ABRIL,Consumoexcedente,3.191,,25
421,Tarifa 1C,2022,ABRIL,MAYO,Consumobasico,0.806,150,25
422,Tarifa 1C,2022,ABRIL,MAYO,Consumointermediobajo,0.932,150,25
423,Tarifa 1C,2022,ABRIL,MAYO,Consumointermedioalto,1.205,150,25
424,Tarifa 1C,2022,ABRIL,MAYO,Consumoexcedente,3.21,,25
425,Tarifa 1C,2022,ABRIL,JUNIO,Consumobasico,0.811,150,25
426,Tarifa 1C,2022,ABRIL,JUNIO,Consumointermediobajo,0.938,150,25
427,Tarifa 1C,2022,ABRIL,JUNIO,Consumointermedioalto,1.212,150,25
428,Tarifa 1C,2022,ABRIL,JUNIO,Consumoexcedente,3.229,,25
429,Tarifa 1C,2022,ABRIL,JULIO,Consumobasico,0.816,150,25
430,Tarifa 1C,2022,ABRIL,JULIO,Consumointermediobajo,0.944,150,25
431,Tarifa 1C,2022,ABRIL,JULIO,Consumointermedioalto,1.219,150,25
432,Tarifa 1C,2022,ABRIL,JULIO,Consumoexcedente,3.248,,25
433,Tarifa 1C,2022,ABRIL,AGOSTO,Consumobasico,0.821,150,25
434,Tarifa 1C,2022,ABRIL,AGOSTO,Consumointermediobajo,0.950,150,25
435,Tarifa 1C,2022,ABRIL,AGOSTO,Consumointermedioalto,1.226,150,25
436,Tarifa 1C,2022,ABRIL,AGOSTO,Consumoexcedente,3.267,,25
437,Tarifa 1C,2022,ABRIL,SEPTIEMBRE,Consumobasico,0.826,150,25
438,Tarifa 1C,2022,ABRIL,SEPTIEMBRE,Consumointermediobajo,0.956,150,25
439,Tarifa 1C,2022,ABRIL,SEPTIEMBRE,Consumointermedioalto,1.233,150,25
440,Tarifa 1C,2022,ABRIL,SEPTIEMBRE,Consumoexcedente,3.286,,25
441,Tarifa 1C,2022,ABRIL,OCTUBRE,Consumobasico,0.927,75,25
442,Tarifa 1C,2022,ABRIL,OCTUBRE,Consumointermedio,1.132,100,25
443,Tarifa 1C,2022,ABRIL,OCTUBRE,Consumoexcedente,3.306,,25
444,Tarifa 1C,2022,ABRIL,NOVIEMBRE,Consumobasico,0.933,75,25
445,Tarifa 1C,2022,ABRIL,NOVIEMBRE,Consumointermedio,1.139,100,25
446,Tarifa 1C,2022,ABRIL,NOVIEMBRE,Consumoexcedente,3.326,,25
447,Tarifa 1C,2022,ABRIL,DICIEMBRE,Consumobasico,0.939,75,25
448,Tarifa 1C,2022,ABRIL,DICIEMBRE,Consumointermedio,1.146,100,25
449,Tarifa 1C,2022,ABRIL,DICIEMBRE,Consumoexcedente,3.346,,25
450,Tarifa 1C,2022,MAYO,ENERO,Consumobasico,0.882,75,25
451,Tarifa 1C,2022,MAYO,ENERO,Consumointermedio,1.073,100,25
452,Tarifa 1C,2022,MAYO,ENERO,Consumoexcedente,3.134,,25
453,Tarifa 1C,2022,MAYO,FEBRERO,Consumobasico,0.887,75,25
454,Tarifa 1C,2022,MAYO,FEBRERO,Consumointermedio,1.079,100,25
455,Tarifa 1C,2022,MAYO,FEBRERO,Consumoexcedente,3.153,,25
456,Tarifa 1C,2022,MAYO,MARZO,Consumobasico,0.892,75,25
457,Tarifa 1C,2022,MAYO,MARZO,Consumointermedio,1.085,100,25
458,Tarifa 1C,2022,MAYO,MARZO,Consumoexcedente,3.172,,25
459,Tarifa 1C,2022,MAYO,ABRIL,Consumobasico,0.897,75,25
460,Tarifa 1C,2022,MAYO,ABRIL,Consumointermedio,1.091,100,25
461,Tarifa 1C,2022,MAYO,ABRIL,Consumoexcedente,3.191,,25
462,Tarifa 1C,2022,MAYO,MAYO,Consumobasico,0.806,150,25
463,Tarifa 1C,2022,MAYO,MAYO,Consumointermediobajo,0.932,150,25
464,Tarifa 1C,2022,MAYO,MAYO,Consumointermedioalto,1.205,150,25
465,Tarifa 1C,2022,MAYO,MAYO,Consumoexcedente,3.21,,25
466,Tarifa 1C,2022,MAYO,JUNIO,Consumobasico,0.811,150,25
467,Tarifa 1C,2022,MAYO,JUNIO,Consumointermediobajo,0.938,150,25
468,Tarifa 1C,2022,MAYO,JUNIO,Consumointermedioalto,1.212,150,25
469,Tarifa 1C,2022,MAYO,JUNIO,Consumoexcedente,3.229,,25
470,Tarifa 1C,2022,MAYO,JULIO,Consumobasico,0.816,150,25
471,Tarifa 1C,2022,MAYO,JULIO,Consumointermediobajo,0.944,150,25
472,Tarifa 1C,2022,MAYO,JULIO,Consumointermedioalto,1.219,150,25
473,Tarifa 1C,2022,MAYO,JULIO,Consumoexcedente,3.248,,25
474,Tarifa 1C,2022,MAYO,AGOSTO,Consumobasico,0.821,150,25
475,Tarifa 1C,2022,MAYO,AGOSTO,Consumointermediobajo,0.950,150,25
476,Tarifa 1C,2022,MAYO,AGOSTO,Consumointermedioalto,1.226,150,25
477,Tarifa 1C,2022,MAYO,AGOSTO,Consumoexcedente,3.267,,25
478,Tarifa 1C,2022,MAYO,SEPTIEMBRE,Consumobasico,0.826,150,25
479,Tarifa 1C,2022,MAYO,SEPTIEMBRE,Consumointermediobajo,0.956,150,25
480,Tarifa 1C,2022,MAYO,SEPTIEMBRE,Consumointermedioalto,1.233,150,25
481,Tarifa 1C,2022,MAYO,SEPTIEMBRE,Consumoexcedente,3.286,,25
482,Tarifa 1C,2022,MAYO,OCTUBRE,Consumobasico,0.831,150,25
483,Tarifa 1C,2022,MAYO,OCTUBRE,Consumointermediobajo,0.962,150,25
484,Tarifa 1C,2022,MAYO,OCTUBRE,Consumointermedioalto,1.240,150,25
485,Tarifa 1C,2022,MAYO,OCTUBRE,Consumoexcedente,3.306,,25
486,Tarifa 1C,2022,MAYO,NOVIEMBRE,Consumobasico,0.933,75,25
487,Tarifa 1C,2022,MAYO,NOVIEMBRE,Consumointermedio,1.139,100,25
488,Tarifa 1C,2022,MAYO,NOVIEMBRE,Consumoexcedente,3.326,,25
489,Tarifa 1C,2022,MAYO,DICIEMBRE,Consumobasico,0.939,75,25
490,Tarifa 1C,2022,MAYO,DICIEMBRE,Consumointermedio,1.146,100,25
491,Tarifa 1C,2022,MAYO,DICIEMBRE,Consumoexcedente,3.346,,25
492,Tarifa 1D,2022,FEBRERO,ENERO,Consumobasico,0.882,75,25
493,Tarifa 1D,2022,FEBRERO,ENERO,Consumointermedio,1.073,125,25
494,Tarifa 1D,2022,FEBRERO,ENERO,Consumoexcedente,3.134,,25
495,Tarifa 1D,2022,FEBRERO,FEBRERO,Consumobasico,0.791,175,25
496,Tarifa 1D,2022,FEBRERO,FEBRERO,Consumointermediobajo,0.916,225,25
497,Tarifa 1D,2022,FEBRERO,FEBRERO,Consumointermedioalto,1.184,200,25
498,Tarifa 1D,2022,FEBRERO,FEBRERO,Consumoexcedente,3.153,,25
499,Tarifa 1D,2022,FEBRERO,MARZO,Consumobasico,0.796,175,25
500,Tarifa 1D,2022,FEBRERO,MARZO,Consumointermediobajo,0.921,225,25
501,Tarifa 1D,2022,FEBRERO,MARZO,Consumointermedioalto,1.191,200,25
502,Tarifa 1D,2022,FEBRERO,MARZO,Consumoexcedente,3.172,,25
503,Tarifa 1D,2022,FEBRERO,ABRIL,Consumobasico,0.801,175,25
504,Tarifa 1D,2022,FEBRERO,ABRIL,Consumointermediobajo,0.926,225,25
505,Tarifa 1D,2022,FEBRERO,ABRIL,Consumointermedioalto,1.198,200,25
506,Tarifa 1D,2022,FEBRERO,ABRIL,Consumoexcedente,3.191,,25
507,Tarifa 1D,2022,FEBRERO,MAYO,Consumobasico,0.806,175,25
508,Tarifa 1D,2022,FEBRERO,MAYO,Consumointermediobajo,0.932,225,25
509,Tarifa 1D,2022,FEBRERO,MAYO,Consumointermedioalto,1.205,200,25
510,Tarifa 1D,2022,FEBRERO,MAYO,Consumoexcedente,3.21,,25
511,Tarifa 1D,2022,FEBRERO,JUNIO,Consumobasico,0.811,175,25
512,Tarifa 1D,2022,FEBRERO,JUNIO,Consumointermediobajo,0.938,225,25
513,Tarifa 1D,2022,FEBRERO,JUNIO,Consumointermedioalto,1.212,200,25
514,Tarifa 1D,2022,FEBRERO,JUNIO,Consumoexcedente,3.229,,25
515,Tarifa 1D,2022,FEBRERO,JULIO,Consumobasico,0.816,175,25
516,Tarifa 1D,2022,FEBRERO,JULIO,Consumointermediobajo,0.944,225,25
517,Tarifa 1D,2022,FEBRERO,JULIO,Consumointermedioalto,1.219,200,25
518,Tarifa 1D,2022,FEBRERO,JULIO,Consumoexcedente,3.248,,25
519,Tarifa 1D,2022,FEBRERO,AGOSTO,Consumobasico,0.917,75,25
520,Tarifa 1D,2022,FEBRERO,AGOSTO,Consumointermedio,1.118,125,25
521,Tarifa 1D,2022,FEBRERO,AGOSTO,Consumoexcedente,3.267,,25
522,Tarifa 1D,2022,FEBRERO,SEPTIEMBRE,Consumobasico,0.922,75,25
523,Tarifa 1D,2022,FEBRERO,SEPTIEMBRE,Consumointermedio,1.125,125,25
524,Tarifa 1D,2022,FEBRERO,SEPTIEMBRE,Consumoexcedente,3.286,,25
525,Tarifa 1D,2022,FEBRERO,OCTUBRE,Consumobasico,0.927,75,25
526,Tarifa 1D,2022,FEBRERO,OCTUBRE,Consumointermedio,1.132,125,25
527,Tarifa 1D,2022,FEBRERO,OCTUBRE,Consumoexcedente,3.306,,25
528,Tarifa 1D,2022,FEBRERO,NOVIEMBRE,Consumobasico,0.933,75,25
529,Tarifa 1D,2022,FEBRERO,NOVIEMBRE,Consumointermedio,1.139,125,25
530,Tarifa 1D,2022,FEBRERO,NOVIEMBRE,Consumoexcedente,3.326,,25
531,Tarifa 1D,2022,FEBRERO,DICIEMBRE,Consumobasico,0.939,75,25
532,Tarifa 1D,2022,FEBRERO,DICIEMBRE,Consumointermedio,1.146,125,25
533,Tarifa 1D,2022,FEBRERO,DICIEMBRE,Consumoexcedente,3.346,,25
534,Tarifa 1D,2022,MARZO,ENERO,Consumobasico,0.882,75,25
535,Tarifa 1D,2022,MARZO,ENERO,Consumointermedio,1.073,125,25
536,Tarifa 1D,2022,MARZO,ENERO,Consumoexcedente,3.134,,25
537,Tarifa 1D,2022,MARZO,FEBRERO,Consumobasico,0.887,75,25
538,Tarifa 1D,2022,MARZO,FEBRERO,Consumointermedio,1.079,125,25
539,Tarifa 1D,2022,MARZO,FEBRERO,Consumoexcedente,3.153,,25
540,Tarifa 1D,2022,MARZO,MARZO,Consumobasico,0.796,175,25
541,Tarifa 1D,2022,MARZO,MARZO,Consumointermediobajo,0.921,225,25
542,Tarifa 1D,2022,MARZO,MARZO,Consumointermedioalto,1.191,200,25
543,Tarifa 1D,2022,MARZO,MARZO,Consumoexcedente,3.172,,25
544,Tarifa 1D,2022,MARZO,ABRIL,Consumobasico,0.801,175,25
545,Tarifa 1D,2022,MARZO,ABRIL,Consumointermediobajo,0.926,225,25
546,Tarifa 1D,2022,MARZO,ABRIL,Consumointermedioalto,1.198,200,25
547,Tarifa 1D,2022,MARZO,ABRIL,Consumoexcedente,3.191,,25
548,Tarifa 1D,2022,MARZO,MAYO,Consumobasico,0.806,175,25
549,Tarifa 1D,2022,MARZO,MAYO,Consumointermediobajo,0.932,225,25
550,Tarifa 1D,2022,MARZO,MAYO,Consumointermedioalto,1.205,200,25
551,Tarifa 1D,2022,MARZO,MAYO,Consumoexcedente,3.21,,25
552,Tarifa 1D,2022,MARZO,JUNIO,Consumobasico,0.811,175,25
553,Tarifa 1D,2022,MARZO,JUNIO,Consumointermediobajo,0.938,225,25
554,Tarifa 1D,2022,MARZO,JUNIO,Consumointermedioalto,1.212,200,25
555,Tarifa 1D,2022,MARZO,JUNIO,Consumoexcedente,3.229,,25
556,Tarifa 1D,2022,MARZO,JULIO,Consumobasico,0.816,175,25
557,Tarifa 1D,2022,MARZO,JULIO,Consumointermediobajo,0.944,225,25
558,Tarifa 1D,2022,MARZO,JULIO,Consumointermedioalto,1.219,200,25
559,Tarifa 1D,2022,MARZO,JULIO,Consumoexcedente,3.248,,25
560,Tarifa 1D,2022,MARZO,AGOSTO,Consumobasico,0.821,175,25
561,Tarifa 1D,2022,MARZO,AGOSTO,Consumointermediobajo,0.950,225,25
562,Tarifa 1D,2022,MARZO,AGOSTO,Consumointermedioalto,1.226,200,25
563,Tarifa 1D,2022,MARZO,AGOSTO,Consumoexcedente,3.267,,25
564,Tarifa 1D,2022,MARZO,SEPTIEMBRE,Consumobasico,0.922,75,25
565,Tarifa 1D,2022,MARZO,SEPTIEMBRE,Consumointermedio,1.125,125,25
566,Tarifa 1D,2022,MARZO,SEPTIEMBRE,Consumoexcedente,3.286,,25
567,Tarifa 1D,2022,MARZO,OCTUBRE,Consumobasico,0.927,75,25
568,Tarifa 1D,2022,MARZO,OCTUBRE,Consumointermedio,1.132,125,25
569,Tarifa 1D,2022,MARZO,OCTUBRE,Consumoexcedente,3.306,,25
570,Tarifa 1D,2022,MARZO,NOVIEMBRE,Consumobasico,0.933,75,25
571,Tarifa 1D,2022,MARZO,NOVIEMBRE,Consumointermedio,1.139,125,25
572,Tarifa 1D,2022,MARZO,NOVIEMBRE,Consumoexcedente,3.326,,25
573,Tarifa 1D,2022,MARZO,DICIEMBRE,Consumobasico,0.939,75,25
574,Tarifa 1D,2022,MARZO,DICIEMBRE,Consumointermedio,1.146,125,25
575,Tarifa 1D,2022,MARZO,DICIEMBRE,Consumoexcedente,3.346,,25
576,Tarifa 1D,2022,ABRIL,ENERO,Consumobasico,0.882,75,25
577,Tarifa 1D,2022,ABRIL,ENERO,Consumointermedio,1.073,125,25
578,Tarifa 1D,2022,ABRIL,ENERO,Consumoexcedente,3.134,,25
579,Tarifa 1D,2022,ABRIL,FEBRERO,Consumobasico,0.887,75,25
580,Tarifa 1D,2022,ABRIL,FEBRERO,Consumointermedio,1.079,125,25
581,Tarifa 1D,2022,ABRIL,FEBRERO,Consumoexcedente,3.153,,25
582,Tarifa 1D,2022,ABRIL,MARZO,Consumobasico,0.892,75,25
583,Tarifa 1D,2022,ABRIL,MARZO,Consumointermedio,1.085,125,25
584,Tarifa 1D,2022,ABRIL,MARZO,Consumoexcedente,3.172,,25
585,Tarifa 1D,2022,ABRIL,ABRIL,Consumobasico,0.801,175,25
586,Tarifa 1D,2022,ABRIL,ABRIL,Consumointermediobajo,0.926,225,25
587,Tarifa 1D,2022,ABRIL,ABRIL,Consumointermedioalto,1.198,200,25
588,Tarifa 1D,2022,ABRIL,ABRIL,Consumoexcedente,3.191,,25
589,Tarifa 1D,2022,ABRIL,MAYO,Consumobasico,0.806,175,25
590,Tarifa 1D,2022,ABRIL,MAYO,Consumointermediobajo,0.932,225,25
591,Tarifa 1D,2022,ABRIL,MAYO,Consumointermedioalto,1.205,200,25
592,Tarifa 1D,2022,ABRIL,MAYO,Consumoexcedente,3.21,,25
593,Tarifa 1D,2022,ABRIL,JUNIO,Consumobasico,0.811,175,25
594,Tarifa 1D,2022,ABRIL,JUNIO,Consumointermediobajo,0.938,225,25
595,Tarifa 1D,2022,ABRIL,JUNIO,Consumointermedioalto,1.212,200,25
596,Tarifa 1D,2022,ABRIL,JUNIO,Consumoexcedente,3.229,,25
597,Tarifa 1D,2022,ABRIL,JULIO,Consumobasico,0.816,175,25
598,Tarifa 1D,2022,ABRIL,JULIO,Consumointermediobajo,0.944,225,25
599,Tarifa 1D,2022,ABRIL,JULIO,Consumointermedioalto,1.219,200,25
600,Tarifa 1D,2022,ABRIL,JULIO,Consumoexcedente,3.248,,25
601,Tarifa 1D,2022,ABRIL,AGOSTO,Consumobasico,0.821,175,25
602,Tarifa 1D,2022,ABRIL,AGOSTO,Consumointermediobajo,0.950,225,25
603,Tarifa 1D,2022,ABRIL,AGOSTO,Consumointermedioalto,1.226,200,25
604,Tarifa 1D,2022,ABRIL,AGOSTO,Consumoexcedente,3.267,,25
605,Tarifa 1D,2022,ABRIL,SEPTIEMBRE,Consumobasico,0.826,175,25
606,Tarifa 1D,2022,ABRIL,SEPTIEMBRE,Consumointermediobajo,0.956,225,25
607,Tarifa 1D,2022,ABRIL,SEPTIEMBRE,Consumointermedioalto,1.233,200,25
608,Tarifa 1D,2022,ABRIL,SEPTIEMBRE,Consumoexcedente,3.286,,25
609,Tarifa 1D,2022,ABRIL,OCTUBRE,Consumobasico,0.927,75,25
610,Tarifa 1D,2022,ABRIL,OCTUBRE,Consumointermedio,1.132,125,25
611,Tarifa 1D,2022,ABRIL,OCTUBRE,Consumoexcedente,3.306,,25
612,Tarifa 1D,2022,ABRIL,NOVIEMBRE,Consumobasico,0.933,75,25
613,Tarifa 1D,2022,ABRIL,NOVIEMBRE,Consumointermedio,1.139,125,25
614,Tarifa 1D,2022,ABRIL,NOVIEMBRE,Consumoexcedente,3.326,,25
615,Tarifa 1D,2022,ABRIL,DICIEMBRE,Consumobasico,0.939,75,25
616,Tarifa 1D,2022,ABRIL,DICIEMBRE,Consumointermedio,1.146,125,25
617,Tarifa 1D,2022,ABRIL,DICIEMBRE,Consumoexcedente,3.346,,25
618,Tarifa 1D,2022,MAYO,ENERO,Consumobasico,0.882,75,25
619,Tarifa 1D,2022,MAYO,ENERO,Consumointermedio,1.073,125,25
620,Tarifa 1D,2022,MAYO,ENERO,Consumoexcedente,3.134,,25
621,Tarifa 1D,2022,MAYO,FEBRERO,Consumobasico,0.887,75,25
622,Tarifa 1D,2022,MAYO,FEBRERO,Consumointermedio,1.079,125,25
623,Tarifa 1D,2022,MAYO,FEBRERO,Consumoexcedente,3.153,,25
624,Tarifa 1D,2022,MAYO,MARZO,Consumobasico,0.892,75,25
625,Tarifa 1D,2022,MAYO,MARZO,Consumointermedio,1.085,125,25
626,Tarifa 1D,2022,MAYO,MARZO,Consumoexcedente,3.172,,25
627,Tarifa 1D,2022,MAYO,ABRIL,Consumobasico,0.897,75,25
628,Tarifa 1D,2022,MAYO,ABRIL,Consumointermedio,1.091,125,25
629,Tarifa 1D,2022,MAYO,ABRIL,Consumoexcedente,3.191,,25
630,Tarifa 1D,2022,MAYO,MAYO,Consumobasico,0.806,175,25
631,Tarifa 1D,2022,MAYO,MAYO,Consumointermediobajo,0.932,225,25
632,Tarifa 1D,2022,MAYO,MAYO,Consumointermedioalto,1.205,200,25
633,Tarifa 1D,2022,MAYO,MAYO,Consumoexcedente,3.21,,25
634,Tarifa 1D,2022,MAYO,JUNIO,Consumobasico,0.811,175,25
635,Tarifa 1D,2022,MAYO,JUNIO,Consumointermediobajo,0.938,225,25
636,Tarifa 1D,2022,MAYO,JUNIO,Consumointermedioalto,1.212,200,25
637,Tarifa 1D,2022,MAYO,JUNIO,Consumoexcedente,3.229,,25
638,Tarifa 1D,2022,MAYO,JULIO,Consumobasico,0.816,175,25
639,Tarifa 1D,2022,MAYO,JULIO,Consumointermediobajo,0.944,225,25
640,Tarifa 1D,2022,MAYO,JULIO,Consumointermedioalto,1.219,200,25
641,Tarifa 1D,2022,MAYO,JULIO,Consumoexcedente,3.248,,25
642,Tarifa 1D,2022,MAYO,AGOSTO,Consumobasico,0.821,175,25
643,Tarifa 1D,2022,MAYO,AGOSTO,Consumointermediobajo,0.950,225,25
644,Tarifa 1D,2022,MAYO,AGOSTO,Consumointermedioalto,1.226,200,25
645,Tarifa 1D,2022,MAYO,AGOSTO,Consumoexcedente,3.267,,25
646,Tarifa 1D,2022,MAYO,SEPTIEMBRE,Consumobasico,0.826,175,25
647,Tarifa 1D,2022,MAYO,SEPTIEMBRE,Consumointermediobajo,0.956,225,25
648,Tarifa 1D,2022,MAYO,SEPTIEMBRE,Consumointermedioalto,1.233,200,25
649,Tarifa 1D,2022,MAYO,SEPTIEMBRE,Consumoexcedente,3.286,,25
650,Tarifa 1D,2022,MAYO,OCTUBRE,Consumobasico,0.831,175,25
651,Tarifa 1D,2022,MAYO,OCTUBRE,Consumointermediobajo,0.962,225,25
652,Tarifa 1D,2022,MAYO,OCTUBRE,Consumointermedioalto,1.24,200,25
653,Tarifa 1D,2022,MAYO,OCTUBRE,Consumoexcedente,3.306,,25
654,Tarifa 1D,2022,MAYO,NOVIEMBRE,Consumobasico,0.933,75,25
655,Tarifa 1D,2022,MAYO,NOVIEMBRE,Consumointermedio,1.139,125,25
656,Tarifa 1D,2022,MAYO,NOVIEMBRE,Consumoexcedente,3.326,,25
657,Tarifa 1D,2022,MAYO,DICIEMBRE,Consumobasico,0.939,75,25
658,Tarifa 1D,2022,MAYO,DICIEMBRE,Consumointermedio,1.146,125,25
659,Tarifa 1D,2022,MAYO,DICIEMBRE,Consumoexcedente,3.346,,25
